"Timestamp","Name","Age","Select your pronouns.","Which race or ethnicity best describes you?","What is your highest obtained level of education?","Would you consider yourself to have a disability?","What is your marital status?","What country were you born in?","What city do you currently live in?","Which of the following describes your current living arrangement?","Check the languages are you capable of speaking fluently.","On a scale of 1-5, how comfortable are you with using modern technology, mobile apps, and websites?"
"2023/03/17 4:54:00 AM GMT","Emma","29","She/Her","Asian / Pacific Islander","Bachelor's degree","No","Never married","China","San Francisco ","Renter","English;Chinese","5"
"2023/03/19 1:11:16 AM GMT","Hanna Popovits","28","She/Her","White / Caucasian","Bachelor's degree","No","Never married","USA","Sunnyvale","Renter","English","4"
"2023/03/26 10:34:00 PM GMT","Stacy Le","21","She/Her","Asian / Pacific Islander","Master's degree","No","Never married","United States","Tustin","Renter","English","4"
"2023/03/29 3:12:56 AM GMT","Michael","52","He/Him","Asian / Pacific Islander","Master's degree","No","Married","China","Fremont","Homeowner","English;Chinese","5"
"2023/03/29 3:32:35 AM GMT","Nicolo Co","22","He/Him","Asian / Pacific Islander","High school diploma or equivalent (e.g., GED)","No","Never married","United States","San Rafael, CA","Renter","English","4"
"2023/03/30 9:00:03 PM GMT","Zac","30","He/Him","White / Caucasian","Bachelor's degree","No","Married","USA","San Francisco ","Renter","English","5"